slug,name
legacy-housing-select-collection-s-1240-11fla,Legacy Housing Select Collection S 1240 11fla
tru-homes-tru-origin-dogwood,Tru Homes Tru Origin Dogwood
clayton-addison-tempo-series-born-to-run,Clayton Addison Tempo Series Born To Run
legacy-housing-classic-collection-c-1672-32c,Legacy Housing Classic Collection C 1672 32c
clayton-addison-tempo-series-move-on-up,Clayton Addison Tempo Series Move On Up
tru-homes-tru-origin-maple,Tru Homes Tru Origin Maple
palm-harbor-plant-city-elite-paxton-28523a,Palm Harbor Plant City Elite Paxton 28523a
tru-homes-tru-origin-spruce-oak,Tru Homes Tru Origin Spruce Oak
palm-harbor-plant-city-alpha-atmos-28603n,Palm Harbor Plant City Alpha Atmos 28603n
palm-harbor-plant-city-craft-select-28603a,Palm Harbor Plant City Craft Select 28603a
clayton-addison-tempo-series-hey-jude,Clayton Addison Tempo Series Hey Jude
clayton-addison-boujee-series-boujee-xl-2,Clayton Addison Boujee Series Boujee Xl 2
timber-creek-creekside-series-the-white-oak,Timber Creek Creekside Series The White Oak
timber-creek-creekside-series-the-delilah,Timber Creek Creekside Series The Delilah
timber-creek-creekside-series-the-twin-creek,Timber Creek Creekside Series The Twin Creek
clayton-tru-mini-buttercup,Clayton Tru Mini Buttercup
clayton-addison-tempo-series-imagine,Clayton Addison Tempo Series Imagine
clayton-tru-mini-tulip,Clayton Tru Mini Tulip
legacy-housing-select-collection-s-1256-21a,Legacy Housing Select Collection S 1256 21a
palm-harbor-plant-city-lifestyle-waverly-15471a,Palm Harbor Plant City Lifestyle Waverly 15471a
legacy-housing-workforce-housing-o-1644-22aof,Legacy Housing Workforce Housing O 1644 22aof
tru-homes-tru-origin-elm,Tru Homes Tru Origin Elm
legacy-housing-select-collection-s-1460-21sa,Legacy Housing Select Collection S 1460 21sa
legacy-housing-select-collection-s-1264-22a,Legacy Housing Select Collection S 1264 22a
legacy-housing-select-collection-s-1272-32a,Legacy Housing Select Collection S 1272 32a
legacy-housing-select-collection-s-1464-22a,Legacy Housing Select Collection S 1464 22a
legacy-housing-select-collection-s-1468-32a,Legacy Housing Select Collection S 1468 32a
tru-homes-tru-origin-hickory,Tru Homes Tru Origin Hickory
legacy-housing-classic-collection-c-1660-21fka,Legacy Housing Classic Collection C 1660 21fka
legacy-housing-heritage-collection-h-1660-21fka,Legacy Housing Heritage Collection H 1660 21fka
palm-harbor-plant-city-elite-reed-24482c,Palm Harbor Plant City Elite Reed 24482c
palm-harbor-plant-city-craft-select-15602a,Palm Harbor Plant City Craft Select 15602a
palm-harbor-plant-city-elite-hayden-24442a-pyzz,Palm Harbor Plant City Elite Hayden 24442a Pyzz
legacy-housing-select-collection-s-1664-32c,Legacy Housing Select Collection S 1664 32c
legacy-housing-classic-collection-c-1664-32c,Legacy Housing Classic Collection C 1664 32c
legacy-housing-heritage-collection-c-1664-32c,Legacy Housing Heritage Collection C 1664 32c
palm-harbor-plant-city-elite-annie-15662a,Palm Harbor Plant City Elite Annie 15662a
palm-harbor-plant-city-craft-select-15663a,Palm Harbor Plant City Craft Select 15663a
tru-homes-tru-origin-magnolia,Tru Homes Tru Origin Magnolia
tru-homes-tru-origin-cypress,Tru Homes Tru Origin Cypress
legacy-housing-classic-collection-c-1668-22a,Legacy Housing Classic Collection C 1668 22a
legacy-housing-heritage-collection-h-1668-22a,Legacy Housing Heritage Collection H 1668 22a
legacy-housing-select-collection-s-2448-32a,Legacy Housing Select Collection S 2448 32a
palm-harbor-plant-city-elite-luca-24482a,Palm Harbor Plant City Elite Luca 24482a
palm-harbor-plant-city-elite-hayden-24442a,Palm Harbor Plant City Elite Hayden 24442a
palm-harbor-plant-city-elite-keidyn-20522a,Palm Harbor Plant City Elite Keidyn 20522a
palm-harbor-plant-city-anthem-cumberland-duplex,Palm Harbor Plant City Anthem Cumberland Duplex
palm-harbor-plant-city-anthem-roanoke-duplex,Palm Harbor Plant City Anthem Roanoke Duplex
palm-harbor-plant-city-craft-select-28402a,Palm Harbor Plant City Craft Select 28402a
legacy-housing-select-collection-s-1672-32b,Legacy Housing Select Collection S 1672 32b
legacy-housing-select-collection-s-1672-32a,Legacy Housing Select Collection S 1672 32a
legacy-housing-heritage-collection-h-1672-32b,Legacy Housing Heritage Collection H 1672 32b
legacy-housing-heritage-collection-h-1672-32d,Legacy Housing Heritage Collection H 1672 32d
clayton-addison-boujee-series-baby-boujee,Clayton Addison Boujee Series Baby Boujee
clayton-addison-tempo-series-walk-the-line,Clayton Addison Tempo Series Walk The Line
palm-harbor-plant-city-lifestyle-avon-park-24482e,Palm Harbor Plant City Lifestyle Avon Park 24482e
legacy-housing-workforce-housing-o-1480-33af,Legacy Housing Workforce Housing O 1480 33af
palm-harbor-plant-city-elite-jess-28522e,Palm Harbor Plant City Elite Jess 28522e
legacy-housing-classic-collection-c-1868-32a,Legacy Housing Classic Collection C 1868 32a
legacy-housing-heritage-collection-h-1868-32a,Legacy Housing Heritage Collection H 1868 32a
timber-creek-creekside-series-the-cahaba,Timber Creek Creekside Series The Cahaba
timber-creek-creekside-series-the-coldwater,Timber Creek Creekside Series The Coldwater
timber-creek-creekside-series-the-cypress,Timber Creek Creekside Series The Cypress
timber-creek-creekside-series-the-cheaha,Timber Creek Creekside Series The Cheaha
timber-creek-creekside-series-the-canyon-creek,Timber Creek Creekside Series The Canyon Creek
timber-creek-creekside-series-the-caney-creek,Timber Creek Creekside Series The Caney Creek
timber-creek-creekside-series-the-camelia,Timber Creek Creekside Series The Camelia
palm-harbor-plant-city-alpha-helix-16763n,Palm Harbor Plant City Alpha Helix 16763n
palm-harbor-plant-city-cavco-select-15763a,Palm Harbor Plant City Cavco Select 15763a
tru-homes-tru-origin-birch,Tru Homes Tru Origin Birch
tru-homes-tru-origin-aspen,Tru Homes Tru Origin Aspen
palm-harbor-plant-city-elite-tommie-15763a,Palm Harbor Plant City Elite Tommie 15763a
palm-harbor-plant-city-craft-select-15763a,Palm Harbor Plant City Craft Select 15763a
lc9fyw,Lc9fyw
g0k0ck,G0k0ck
si76ue,Si76ue
legacy-housing-classic-collection-c-1864-22a,Legacy Housing Classic Collection C 1864 22a
legacy-housing-heritage-collection-h-1864-22a,Legacy Housing Heritage Collection H 1864 22a
legacy-housing-workforce-housing-o-1680-55aof,Legacy Housing Workforce Housing O 1680 55aof
legacy-housing-classic-collection-c-1680-32d,Legacy Housing Classic Collection C 1680 32d
legacy-housing-select-collection-s-1680-32b,Legacy Housing Select Collection S 1680 32b
legacy-housing-heritage-collection-h-1680-32flp,Legacy Housing Heritage Collection H 1680 32flp
legacy-housing-classic-collection-c-1680-32m,Legacy Housing Classic Collection C 1680 32m
legacy-housing-classic-collection-c-1680-32flp,Legacy Housing Classic Collection C 1680 32flp
legacy-housing-select-collection-s-1680-32a,Legacy Housing Select Collection S 1680 32a
legacy-housing-classic-collection-c-1680-32a,Legacy Housing Classic Collection C 1680 32a
legacy-housing-classic-collection-c-1680-32b,Legacy Housing Classic Collection C 1680 32b
legacy-housing-classic-collection-c-1680-32h,Legacy Housing Classic Collection C 1680 32h
legacy-housing-classic-collection-c-1680-32j,Legacy Housing Classic Collection C 1680 32j
legacy-housing-classic-collection-c-1680-32q,Legacy Housing Classic Collection C 1680 32q
legacy-housing-heritage-collection-h-1680-32a,Legacy Housing Heritage Collection H 1680 32a
legacy-housing-heritage-collection-h-1680-32b,Legacy Housing Heritage Collection H 1680 32b
legacy-housing-heritage-collection-h-1680-32j,Legacy Housing Heritage Collection H 1680 32j
legacy-housing-heritage-collection-h-1680-32n,Legacy Housing Heritage Collection H 1680 32n
legacy-housing-heritage-collection-h-1680-32p,Legacy Housing Heritage Collection H 1680 32p
palm-harbor-plant-city-lifestyle-cottage-farmhouse-24-24522d,Palm Harbor Plant City Lifestyle Cottage Farmhouse 24 24522d
palm-harbor-plant-city-elite-logan-24522a,Palm Harbor Plant City Elite Logan 24522a
palm-harbor-plant-city-elite-blake-28482b,Palm Harbor Plant City Elite Blake 28482b
palm-harbor-plant-city-elite-luca-ii-28482a,Palm Harbor Plant City Elite Luca Ii 28482a
palm-harbor-plant-city-craft-select-28482a,Palm Harbor Plant City Craft Select 28482a
palm-harbor-plant-city-elite-lauren-24562a,Palm Harbor Plant City Elite Lauren 24562a
palm-harbor-plant-city-elite-riece-28562d,Palm Harbor Plant City Elite Riece 28562d
palm-harbor-plant-city-lifestyle-hialeah-28-28522a,Palm Harbor Plant City Lifestyle Hialeah 28 28522a
palm-harbor-plant-city-elite-ryan-28522b,Palm Harbor Plant City Elite Ryan 28522b
palm-harbor-plant-city-elite-kinsley-28522f,Palm Harbor Plant City Elite Kinsley 28522f
palm-harbor-plant-city-elite-logan-ii-28522c,Palm Harbor Plant City Elite Logan Ii 28522c
palm-harbor-plant-city-elite-alexa-28522a,Palm Harbor Plant City Elite Alexa 28522a
palm-harbor-plant-city-lifestyle-cottage-farmhouse-28522j,Palm Harbor Plant City Lifestyle Cottage Farmhouse 28522j
palm-harbor-plant-city-elite-brooks-28562b,Palm Harbor Plant City Elite Brooks 28562b
palm-harbor-plant-city-elite-pierce-28562a,Palm Harbor Plant City Elite Pierce 28562a
palm-harbor-plant-city-lifestyle-carriage-farmhouse-28562k,Palm Harbor Plant City Lifestyle Carriage Farmhouse 28562k
palm-harbor-plant-city-elite-lailani-28562c,Palm Harbor Plant City Elite Lailani 28562c
palm-harbor-plant-city-elite-colby-28602a,Palm Harbor Plant City Elite Colby 28602a
palm-harbor-plant-city-elite-chase-40402a,Palm Harbor Plant City Elite Chase 40402a
palm-harbor-plant-city-elite-hudson-28642a,Palm Harbor Plant City Elite Hudson 28642a
palm-harbor-plant-city-elite-chase-ii-40442a,Palm Harbor Plant City Elite Chase Ii 40442a
palm-harbor-plant-city-elite-jalynn-28662a,Palm Harbor Plant City Elite Jalynn 28662a
palm-harbor-plant-city-timberland-flagler-30602a,Palm Harbor Plant City Timberland Flagler 30602a
palm-harbor-plant-city-craft-select-28463a,Palm Harbor Plant City Craft Select 28463a
legacy-housing-select-collection-s-3244-32a,Legacy Housing Select Collection S 3244 32a
legacy-housing-classic-collection-c-3244-32a,Legacy Housing Classic Collection C 3244 32a
legacy-housing-heritage-collection-h-3244-32a,Legacy Housing Heritage Collection H 3244 32a
palm-harbor-plant-city-craft-select-craftselect28483a,Palm Harbor Plant City Craft Select Craftselect28483a
palm-harbor-plant-city-elite-bailey-28483a,Palm Harbor Plant City Elite Bailey 28483a
legacy-housing-heritage-collection-h-1872-32a,Legacy Housing Heritage Collection H 1872 32a
legacy-housing-classic-collection-c-1872-32a,Legacy Housing Classic Collection C 1872 32a
legacy-housing-heritage-collection-h-1880-32e,Legacy Housing Heritage Collection H 1880 32e
legacy-housing-classic-collection-c-1880-32f,Legacy Housing Classic Collection C 1880 32f
legacy-housing-classic-collection-c-3248-32b,Legacy Housing Classic Collection C 3248 32b
legacy-housing-heritage-collection-h-3248-32a,Legacy Housing Heritage Collection H 3248 32a
palm-harbor-plant-city-timberland-cumberland-ii-28523a,Palm Harbor Plant City Timberland Cumberland Ii 28523a
palm-harbor-plant-city-cavco-select-30483a,Palm Harbor Plant City Cavco Select 30483a
palm-harbor-plant-city-timberland-ventura-vi-30483c,Palm Harbor Plant City Timberland Ventura Vi 30483c
clayton-addison-tempo-series-shout,Clayton Addison Tempo Series Shout
clayton-addison-tempo-series-let-it-be,Clayton Addison Tempo Series Let It Be
tru-homes-tru-origin-spruce,Tru Homes Tru Origin Spruce
tru-homes-tru-origin-spruce-cedar,Tru Homes Tru Origin Spruce Cedar
palm-harbor-plant-city-craft-select-28563a,Palm Harbor Plant City Craft Select 28563a
palm-harbor-plant-city-elite-kash-28563a,Palm Harbor Plant City Elite Kash 28563a
legacy-housing-select-collection-s-3252-32d,Legacy Housing Select Collection S 3252 32d
legacy-housing-classic-collection-c-3252-32d,Legacy Housing Classic Collection C 3252 32d
legacy-housing-heritage-collection-c-3252-32c,Legacy Housing Heritage Collection C 3252 32c
palm-harbor-plant-city-craft-select-28563b,Palm Harbor Plant City Craft Select 28563b
clayton-addison-boujee-series-boujee-56,Clayton Addison Boujee Series Boujee 56
timber-creek-creekside-series-the-frontier,Timber Creek Creekside Series The Frontier
palm-harbor-plant-city-elite-ariya-30482a,Palm Harbor Plant City Elite Ariya 30482a
palm-harbor-plant-city-elite-quinn-30523a,Palm Harbor Plant City Elite Quinn 30523a
clayton-addison-tempo-series-lean-on-me,Clayton Addison Tempo Series Lean On Me
clayton-addison-tempo-series-wonderfulworld,Clayton Addison Tempo Series Wonderfulworld
clayton-addison-boujee-series-boujee-2,Clayton Addison Boujee Series Boujee 2
palm-harbor-plant-city-lifestyle-ellenton-28603a,Palm Harbor Plant City Lifestyle Ellenton 28603a
palm-harbor-plant-city-elite-ashley-28603a,Palm Harbor Plant City Elite Ashley 28603a
legacy-housing-heritage-collection-h-3264-32ap,Legacy Housing Heritage Collection H 3264 32ap
timber-creek-creekside-series-the-cottonwood,Timber Creek Creekside Series The Cottonwood
palm-harbor-plant-city-timberland-coppitt-key-30563b,Palm Harbor Plant City Timberland Coppitt Key 30563b
palm-harbor-plant-city-timberland-haven-bay-30563c,Palm Harbor Plant City Timberland Haven Bay 30563c
palm-harbor-plant-city-cavco-select-30563a,Palm Harbor Plant City Cavco Select 30563a
palm-harbor-plant-city-elite-brooklyn-28643a,Palm Harbor Plant City Elite Brooklyn 28643a
clayton-addison-tempo-series-rocket-man,Clayton Addison Tempo Series Rocket Man
legacy-housing-heritage-collection-h-3260-32a,Legacy Housing Heritage Collection H 3260 32a
legacy-housing-classic-collection-c-3260-32b,Legacy Housing Classic Collection C 3260 32b
timber-creek-creekside-series-the-chickasaw,Timber Creek Creekside Series The Chickasaw
timber-creek-creekside-series-the-shades-creek,Timber Creek Creekside Series The Shades Creek
timber-creek-creekside-series-the-coosa,Timber Creek Creekside Series The Coosa
timber-creek-creekside-series-the-gloria-c,Timber Creek Creekside Series The Gloria C
palm-harbor-plant-city-lifestyle-mckenna-30603b,Palm Harbor Plant City Lifestyle Mckenna 30603b
palm-harbor-plant-city-timberland-kennedy-ii-30603d,Palm Harbor Plant City Timberland Kennedy Ii 30603d
palm-harbor-plant-city-timberland-malibu-30603b,Palm Harbor Plant City Timberland Malibu 30603b
s28sxv,S28sxv
x6z6l3,X6z6l3
palm-harbor-plant-city-elite-davan-28683a,Palm Harbor Plant City Elite Davan 28683a
timber-creek-creekside-series-the-blackwater,Timber Creek Creekside Series The Blackwater
legacy-housing-heritage-collection-h-3264-32c,Legacy Housing Heritage Collection H 3264 32c
legacy-housing-classiccollection-c-3264-32c,Legacy Housing Classiccollection C 3264 32c
legacy-housing-classic-collection-c-3264-32bp,Legacy Housing Classic Collection C 3264 32bp
legacy-housing-classic-collection-c-3264-32b,Legacy Housing Classic Collection C 3264 32b
legacy-housing-heritage-collection-h-3264-32a,Legacy Housing Heritage Collection H 3264 32a
timber-creek-creekside-series-the-carolina,Timber Creek Creekside Series The Carolina
palm-harbor-plant-city-elite-knox-30643a,Palm Harbor Plant City Elite Knox 30643a
timber-creek-creekside-series-the-shoal-creek,Timber Creek Creekside Series The Shoal Creek
timber-creek-creekside-series-the-willow-oak,Timber Creek Creekside Series The Willow Oak
timber-creek-creekside-series-the-bayou-4,Timber Creek Creekside Series The Bayou 4
timber-creek-creekside-series-the-azalea,Timber Creek Creekside Series The Azalea
timber-creek-creekside-series-the-honeysuckle,Timber Creek Creekside Series The Honeysuckle
1ydepm,1ydepm
palm-harbor-plant-city-timberland-pelican-bay-30683a,Palm Harbor Plant City Timberland Pelican Bay 30683a
palm-harbor-plant-city-lifestyle-easton-farmhouse-30683a,Palm Harbor Plant City Lifestyle Easton Farmhouse 30683a
palm-harbor-plant-city-timberland-la-belle-vi-40643b,Palm Harbor Plant City Timberland La Belle Vi 40643b
legacy-housing-select-collection-s-1684-42a,Legacy Housing Select Collection S 1684 42a
legacy-housing-select-collection-s-1684-42b,Legacy Housing Select Collection S 1684 42b
legacy-housing-classic-collection-c-1684-42b,Legacy Housing Classic Collection C 1684 42b
legacy-housing-heritage-collection-h-1684-42a,Legacy Housing Heritage Collection H 1684 42a
legacy-housing-workforce-housing-o-1872-44a,Legacy Housing Workforce Housing O 1872 44a
legacy-housing-select-collection-s-2468-42a,Legacy Housing Select Collection S 2468 42a
timber-creek-creekside-series-the-bayou,Timber Creek Creekside Series The Bayou
clayton-addison-tempo-series-brown-eyed-girl,Clayton Addison Tempo Series Brown Eyed Girl
clayton-addison-tempo-series-lovely-day,Clayton Addison Tempo Series Lovely Day
legacy-housing-select-collection-s-3256-42a,Legacy Housing Select Collection S 3256 42a
legacy-heritage-collection-h-3256-42a,Legacy Heritage Collection H 3256 42a
legacy-housing-heritage-collection-h-3256-32d,Legacy Housing Heritage Collection H 3256 32d
legacy-housing-classic-collection-c-3256-42b,Legacy Housing Classic Collection C 3256 42b
legacy-housing-classic-collection-c-3256-32e,Legacy Housing Classic Collection C 3256 32e
timber-creek-creekside-series-the-cottonwood-4,Timber Creek Creekside Series The Cottonwood 4
tru-homes-tru-origin-sycamore,Tru Homes Tru Origin Sycamore
timber-creek-creekside-series-the-sweetwater,Timber Creek Creekside Series The Sweetwater
timber-creek-creekside-series-the-riverton,Timber Creek Creekside Series The Riverton
palm-harbor-plant-city-elite-kyle-28724a,Palm Harbor Plant City Elite Kyle 28724a
palm-harbor-plant-city-timberland-isla-ii-42484a,Palm Harbor Plant City Timberland Isla Ii 42484a
timber-creek-creekside-series-the-limestone,Timber Creek Creekside Series The Limestone
timber-creek-creekside-series-the-patton-creek,Timber Creek Creekside Series The Patton Creek
timber-creek-creekside-series-the-chickasaw-extra,Timber Creek Creekside Series The Chickasaw Extra
palm-harbor-plant-city-cavco-select-30684a,Palm Harbor Plant City Cavco Select 30684a
clayton-addison-boujee-series-boujee-premier,Clayton Addison Boujee Series Boujee Premier
u7lp59,U7lp59
legacy-housing-heritage-collection-3272-43a,Legacy Housing Heritage Collection 3272 43a
legacy-housing-classic-collection-c-3272-43b,Legacy Housing Classic Collection C 3272 43b
timber-creek-creekside-series-the-mulberry,Timber Creek Creekside Series The Mulberry
clayton-addison-boujee-series-boujee-lux,Clayton Addison Boujee Series Boujee Lux
palm-harbor-plant-city-timberland-pelican-bay-ii-30764b,Palm Harbor Plant City Timberland Pelican Bay Ii 30764b
timber-creek-creekside-series-the-callaway,Timber Creek Creekside Series The Callaway
timber-creek-creekside-series-the-magnolia,Timber Creek Creekside Series The Magnolia
timber-creek-creekside-series-the-willow-oak-extra,Timber Creek Creekside Series The Willow Oak Extra
timber-creek-creekside-series-the-big-mulberry,Timber Creek Creekside Series The Big Mulberry
timber-creek-creekside-series-the-mulberry-extra,Timber Creek Creekside Series The Mulberry Extra
palm-harbor-plant-city-craft-select-30764a,Palm Harbor Plant City Craft Select 30764a
aef2ya,Aef2ya
cwppmw,Cwppmw
legacy-housing-classic-collection-c-3280-425b,Legacy Housing Classic Collection C 3280 425b
legacy-housing-heritage-collection-h-3280-425a,Legacy Housing Heritage Collection H 3280 425a
legacy-housing-heritage-collection-h-3672-43a,Legacy Housing Heritage Collection H 3672 43a
palm-harbor-plant-city-timberland-tradewinds-ii-40684c,Palm Harbor Plant City Timberland Tradewinds Ii 40684c
palm-harbor-plant-city-elite-draper-40764a,Palm Harbor Plant City Elite Draper 40764a
palm-harbor-plant-city-elite-justin-28725a,Palm Harbor Plant City Elite Justin 28725a
tru-homes-tru-origin-redwood,Tru Homes Tru Origin Redwood
legacy-housing-workforce-housing-o-1880-64a,Legacy Housing Workforce Housing O 1880 64a
legacy-housing-workforce-housing-o-3280-84a,Legacy Housing Workforce Housing O 3280 84a
